Galactose,GE
75.471985,3.2463877
23.148136,180.09007
31.882734,164.6275
35.179356,180.06058
46.118538,181.74945
29.732838,202.37782
60.371433,216.0282
61.48569,236.61368
35.251133,252.11913
45.089733,246.94797
48.376102,252.08696
47.297737,267.53076
81.30986,373.8198
73.672424,392.71103
130.51994,365.12076
110.87693,409.7767
291.4341,498.5497
365.9576,647.63153
394.39673,649.2775
423.95013,671.509
557.3002,583.68225
641.4879,552.5936
