study	subject	sex	age	height	bodyweight	hematocrit	galInfusedmg	galInfused	bloodflowM1	bloodflowM2	flowLiver	galAmg	galA	extractionM1	extractionM2	GEC	dtype	gender	flowLiverkg	BSA
win1965	2	male	23	182	81	48	223	1.24	2390	2600	2495	152	0.84	81.6	71.7	1.6149303333	individual	male	30.8024691358025	2.02313197005363
win1965	3	male	52	164	67	35	185	1.03	2000	2250	2125	161	0.89	65.8	58.4	1.18033125	individual	male	31.7164179104478	1.73065262184063
win1965	4	male	51	160	51	58	267	1.48	1450	1510	1480	346	1.92	67.3	65.3	1.8861613333	individual	male	29.0196078431373	1.51380744197595
win1965	5	male	40	188	100	44	366	2.03	1780	1680	1730	271	1.51	93	98.5	2.4939151389	individual	male	17.3	2.26532628583076
win1965	6	male	19	183	80	41	305	1.69	1580	1800	1690	294	1.63	77.6	68.4	2.0150433333	individual	male	21.125	2.0204895480367
win1965	7	female	49	159	49	40	269	1.49	1450	1730	1590	237	1.32	92.8	78.1	1.78889575	individual	female	32.4489795918367	1.4815372413676
win1965	8	female	17	171	56	38	287	1.59	1470	1430	1450	266	1.48	85.3	90.2	1.8802875	individual	female	25.8928571428571	1.65298310676641
