study	status	sex	class	n	bmiMean	bmiMin	bmiMax	bmiSd	liverWeight	liverWeightSd	dtype	gender	bmi	bmiRange	volLiver	volLiverSd
gra2000	healthy	M	bmi_m_1	152	20	14	21	1.6	1.581	0.372	population	male	20	3.5	1463.88888888889	344.444444444444
gra2000	healthy	M	bmi_m_2	111	23.5	22	24	0.9	1.73	0.405	population	male	23.5	1	1601.85185185185	375
gra2000	healthy	M	bmi_m_3	92	27	25	34	1.9	1.769	0.39	population	male	27	4.5	1637.96296296296	361.111111111111
gra2000	healthy	F	bmi_f_1	139	18.5	13	20	1.9	1.346	0.328	population	female	18.5	3.5	1246.2962962963	303.703703703704
gra2000	healthy	F	bmi_f_2	109	23	21	24	1.1	1.521	0.331	population	female	23	1.5	1408.33333333333	306.481481481481
gra2000	healthy	F	bmi_f_3	81	28.5	25	40	3.2	1.609	0.419	population	female	28.5	7.5	1489.81481481481	387.962962962963
