study	status	sex	age	ageMin	ageMax	liverWeight	liverWeightPlusSd	liverWeightSd	bodyweight	bodyweightPlusSd	bodyweightSd	n	volLiver	volLiverSd	ageRange	dtype
tom1965	healthy	male	25	20	30	1.9750267	2.4011467	0.42612	71.62693	92.30764	20.68071	25	1580.02136	340.896	5	population
tom1965	healthy	male	35	30	40	1.9051987	2.3515499	0.4463512	58.54801	70.728714	12.180704	25	1524.15896	357.08096	5	population
tom1965	healthy	male	45	40	50	1.8859974	2.406763	0.5207656	63.881454	81.72929	17.847836	25	1508.79792	416.61248	5	population
tom1965	healthy	male	55	50	60	1.762064	2.174638	0.412574	68.93297	89.04778	20.11481	43	1409.6512	330.0592	5	population
tom1965	healthy	male	65	60	70	1.6684676	2.1791275	0.5106599	62.370358	79.36764	16.997282	64	1334.77408	408.52792	5	population
tom1965	healthy	male	75	70	80	1.442989	1.6222136	0.1792246	58.07405	72.80503	14.73098	53	1154.3912	143.37968	5	population
tom1965	healthy	male	85	80	90	1.2073851	1.3697016	0.1623165	48.395267	61.991734	13.596467	21	965.90808	129.8532	5	population
