study	status	sex	age	ageMin	ageMax	liverWeight	liverWeightPlusSd	liverWeightSd	bodyweight	bodyweightPlusSd	bodyweightSd	n	dtype	gender	volLiver	volLiverSd	ageRange
tom1965	healthy	M	25	20	30	1.9750267	2.4011467	0.42612	71.62693	92.30764	20.68071	25	population	male	1673.75144067797	361.118644067797	5
tom1965	healthy	M	35	30	40	1.9051987	2.3515499	0.4463512	58.54801	70.728714	12.180704	25	population	male	1614.57516949153	378.263728813559	5
tom1965	healthy	M	45	40	50	1.8859974	2.406763	0.5207656	63.881454	81.72929	17.847836	25	population	male	1598.30288135593	441.326779661017	5
tom1965	healthy	M	55	50	60	1.762064	2.174638	0.412574	68.93297	89.04778	20.11481	43	population	male	1493.27457627119	349.638983050847	5
tom1965	healthy	M	65	60	70	1.6684676	2.1791275	0.5106599	62.370358	79.36764	16.997282	64	population	male	1413.95559322034	432.762627118644	5
tom1965	healthy	M	75	70	80	1.442989	1.6222136	0.1792246	58.07405	72.80503	14.73098	53	population	male	1222.87203389831	151.885254237288	5
tom1965	healthy	M	85	80	90	1.2073851	1.3697016	0.1623165	48.395267	61.991734	13.596467	21	population	male	1023.20771186441	137.556355932203	5
