study	id	status	Img	I	CL	css	GE
hen1982	1	healthy	50	0.2777777778	1502	0.1849386004	0.2777777778
hen1982	2	healthy	50	0.2777777778	1572	0.176703421	0.2777777778
hen1982	3	healthy	46	0.2555555556	1144	0.2233877234	0.2555555556
hen1982	4	healthy	50	0.2777777778	1333	0.2083854297	0.2777777778
hen1982	5	healthy	61	0.3388888889	1279	0.2649639475	0.3388888889

