Flow,Clearance,ER
0,0.002352941,1
2.329975,0.12,1
4.8488665,0.23529412,0.98588234
7.493703,0.3317647,0.9388235
9.949622,0.40941176,0.8752941
12.405541,0.48,0.8117647
14.924434,0.53882354,0.76
17.443325,0.58117646,0.6988235
19.836271,0.6188235,0.6564706
24.937027,0.67764705,0.5670588
29.911839,0.7223529,0.5035294
39.924435,0.77882355,0.40470588
49.874054,0.8188235,0.34588236
