Vmax_per_Fkm,ER
0,2.52E-06
0.011848176,0.012788046
0.09477147,0.09804001
0.18949415,0.18115476
0.33743605,0.2919652
0.48530826,0.3814538
0.7396119,0.52420163
0.9937832,0.626438
1.224286,0.71162707
1.4724216,0.77335453
1.7382389,0.8265458
1.9803808,0.86055744
2.269762,0.8988133
2.4823601,0.9243089
2.9724216,0.95395046
3.4742408,0.9686617
3.9701564,0.98337555
4.477858,0.9916878
4.973718,0.9893441
