per_Galactose,per_GE
-12.723874,0.5225112
0.013572132,16.376207
1.8093514,17.975956
1.4019214,18.45892
2.704713,15.725361
3.2796657,20.54006
7.5269446,27.590687
8.748037,24.696838
11.931102,27.09489
12.8273945,25.968151
15.859435,42.97687
15.862495,46.669548
20.424728,40.07229
20.504297,37.66376
21.648748,40.710564
26.786598,39.730755
20.274635,55.806816
26.148176,56.751263
28.761078,60.114456
31.124357,57.538044
33.239483,50.78809
40.095936,56.70648
