state	description	N	galIn	galInSD	galInMin	galInMax	t400	t400SD	t400min	t400max	GEmg	GESDmg	GEminmg	GEmaxmg	GE	GESD	GEmin	GEmax	URmg	URSDmg	URminmg	URmaxmg	UR	URSD	URmin	URmax
normal	normal subjects	9	32.2	6.8	23.5	43	47	8	37	56	572	115	406	732	3.1777777778	0.6388888889	2.2555555556	4.0666666667	53	17	27	79	0.2944444444	0.0944444444	0.15	0.4388888889
cirrhoticB	cirrhotics, total elimination rate > 300 mg/min	11	29.4	5.2	24.6	40.7	67	9	58	82	356	45	304	456	1.9777777778	0.25	1.6888888889	2.5333333333	42	30	17	74	0.2333333333	0.1666666667	0.0944444444	0.4111111111
cirrhoticC	cirrhotics, total elimination rate < 300, > 210 mg/min	10	32	6.1	26.5	46.8	102	15	69	128	246	29	215	298	1.3666666667	0.1611111111	1.1944444444	1.6555555556	27	13	10	52	0.15	0.0722222222	0.0555555556	0.2888888889
cirrhoticD	cirrhotics, total elimination rate < 210 mg/min	11	29.5	3.8	25	37.6	120	26	91	179	188	19	156	209	1.0444444444	0.1055555556	0.8666666667	1.1611111111	23	11	3	43	0.1277777778	0.0611111111	0.0166666667	0.2388888889

