,name,mean,std,unit,meanlog,meanlog_error,sdlog,sdlog_error,scale_fac,scale_unit,llb,lb,ub,uub
L,L,5e-04,0.000125,m,-7.6312147704503,NA,0.24622067706924,NA,1e-06,µm,0.000273554491279034,0.000323532254514261,0.000727266337015826,0.000860136189126034
y_sin,y_sin,4.4e-06,4.5e-07,m,-12.3502372477407,0.010274714892993,0.101714488058313,0.00726532057559379,1e-06,µm,3.41661408543785e-06,3.66184773491691e-06,5.1170533449868e-06,5.48433909485203e-06
y_dis,y_dis,2e-06,5e-07,m,-13.1526756883125,NA,0.24622067706924,NA,1e-06,µm,1.09421796511613e-06,1.29412901805704e-06,2.9090653480633e-06,3.44054475650414e-06
y_cell,y_cell,8.39e-06,1.25e-06,m,-11.6836917033283,0.0120675558666603,0.119462708199282,0.00853305058566299,1e-06,µm,6.38471617968083e-06,6.92626139070869e-06,1.02606636768454e-05,1.11309628600491e-05
flow_sin,flow_sin,0.000229,5.8e-05,m/s,-8.38309048704369,0.0256370331308651,0.546856606275949,0.0181281199763389,1e-06,µm/s,6.40869892500085e-05,9.30299048196372e-05,0.000562234567763004,0.000816150500084465
