,name,mean,std,unit,meanlog,meanlog_error,sdlog,sdlog_error,scale_fac,scale_unit,llb,lb,ub,uub
L,L,5e-04,0.000125,m,-7.6312147704503,NA,0.24622067706924,NA,1e-06,µm,0.000273554491279034,0.000323532254514261,0.000727266337015826,0.000860136189126034
y_sin,y_sin,4.4e-06,4.5e-07,m,-12.3502372477407,0.010274714892993,0.101714488058313,0.00726532057559379,1e-06,µm,3.41661408543785e-06,3.66184773491691e-06,5.1170533449868e-06,5.48433909485203e-06
y_dis,y_dis,2.2e-06,5e-07,m,-13.0522347525169,NA,0.224417267236483,NA,1e-06,µm,1.27277960338081e-06,1.48311150551483e-06,3.10312404783849e-06,3.6159276642745e-06
y_cell,y_cell,6.19e-06,1.25e-06,m,-11.9894724188899,0.0162723787517976,0.161088331060047,0.0115063093614319,1e-06,µm,4.26862022447295e-06,4.76392264268964e-06,8.09304349323021e-06,9.03210665700105e-06
flow_sin,flow_sin,0.00027,5.8e-05,m/s,-8.35830301425788,0.0267357281248568,0.617820969672915,0.0189050146570461,1e-06,µm/s,5.56978220298076e-05,8.4858272366343e-05,0.000647703225742315,0.000986806570518789
